DELETE FROM LANCAMENTO;
DELETE FROM PESSOA;
DELETE FROM CATEGORIA;
DELETE FROM USUARIO_PERMISSAO;
DELETE FROM PERMISSAO;
DELETE FROM USUARIO;

COMMIT;

ALTER TABLE CATEGORIA ALTER COLUMN CODIGO SET DEFAULT NULL;

DROP SEQUENCE CATEGORIA_CODIGO;

CREATE SEQUENCE CATEGORIA_CODIGO
INCREMENT 1
MINVALUE 1
MAXVALUE 9223372036854775807
START 1
CACHE 1;

ALTER TABLE CATEGORIA ALTER COLUMN CODIGO SET DEFAULT NEXTVAL('CATEGORIA_CODIGO' :: regclass);

ALTER TABLE PESSOA ALTER COLUMN CODIGO SET DEFAULT NULL;

DROP SEQUENCE PESSOA_CODIGO;

CREATE SEQUENCE PESSOA_CODIGO
INCREMENT 1
MINVALUE 1
MAXVALUE 9223372036854775807
START 1
CACHE 1;

ALTER TABLE PESSOA ALTER COLUMN CODIGO SET DEFAULT NEXTVAL('PESSOA_CODIGO' :: regclass);

ALTER TABLE LANCAMENTO ALTER COLUMN CODIGO SET DEFAULT NULL;

DROP SEQUENCE LANCAMENTO_CODIGO;

CREATE SEQUENCE LANCAMENTO_CODIGO
INCREMENT 1
MINVALUE 1
MAXVALUE 9223372036854775807
START 1
CACHE 1;

ALTER TABLE LANCAMENTO ALTER COLUMN CODIGO SET DEFAULT NEXTVAL('LANCAMENTO_CODIGO' :: regclass);

INSERT INTO categoria (nome) values ('Lazer');
INSERT INTO categoria (nome) values ('Alimentação');
INSERT INTO categoria (nome) values ('Supermercado');
INSERT INTO categoria (nome) values ('Farmácia');
INSERT INTO categoria (nome) values ('Outros');

INSERT INTO pessoa (nome, logradouro, numero, complemento, bairro, cep, cidade, estado, ativo) values ('João Silva', 'Rua do Abacaxi', '10', null, 'Brasil', '38.400-12', 'Uberlândia', 'MG', true);
INSERT INTO pessoa (nome, logradouro, numero, complemento, bairro, cep, cidade, estado, ativo) values ('Maria Rita', 'Rua do Sabiá', '110', 'Apto 101', 'Colina', '11.400-12', 'Ribeirão Preto', 'SP', true);
INSERT INTO pessoa (nome, logradouro, numero, complemento, bairro, cep, cidade, estado, ativo) values ('Pedro Santos', 'Rua da Bateria', '23', null, 'Morumbi', '54.212-12', 'Goiânia', 'GO', true);
INSERT INTO pessoa (nome, logradouro, numero, complemento, bairro, cep, cidade, estado, ativo) values ('Ricardo Pereira', 'Rua do Motorista', '123', 'Apto 302', 'Aparecida', '38.400-12', 'Salvador', 'BA', true);
INSERT INTO pessoa (nome, logradouro, numero, complemento, bairro, cep, cidade, estado, ativo) values ('Josué Mariano', 'Av Rio Branco', '321', null, 'Jardins', '56.400-12', 'Natal', 'RN', true);
INSERT INTO pessoa (nome, logradouro, numero, complemento, bairro, cep, cidade, estado, ativo) values ('Pedro Barbosa', 'Av Brasil', '100', null, 'Tubalina', '77.400-12', 'Porto Alegre', 'RS', true);
INSERT INTO pessoa (nome, logradouro, numero, complemento, bairro, cep, cidade, estado, ativo) values ('Henrique Medeiros', 'Rua do Sapo', '1120', 'Apto 201', 'Centro', '12.400-12', 'Rio de Janeiro', 'RJ', true);
INSERT INTO pessoa (nome, logradouro, numero, complemento, bairro, cep, cidade, estado, ativo) values ('Carlos Santana', 'Rua da Manga', '433', null, 'Centro', '31.400-12', 'Belo Horizonte', 'MG', true);
INSERT INTO pessoa (nome, logradouro, numero, complemento, bairro, cep, cidade, estado, ativo) values ('Leonardo Oliveira', 'Rua do Músico', '566', null, 'Segismundo Pereira', '38.400-00', 'Uberlândia', 'MG', true);
INSERT INTO pessoa (nome, logradouro, numero, complemento, bairro, cep, cidade, estado, ativo) values ('Isabela Martins', 'Rua da Terra', '1233', 'Apto 10', 'Vigilato', '99.400-12', 'Manaus', 'AM', true);

INSERT INTO lancamento (descricao, data_vencimento, data_pagamento, valor, observacao, tipo, codigo_categoria, codigo_pessoa) values ('Salário mensal', '2017-06-10', null, 6500.00, 'Distribuição de lucros', 'RECEITA', 1, 1);
INSERT INTO lancamento (descricao, data_vencimento, data_pagamento, valor, observacao, tipo, codigo_categoria, codigo_pessoa) values ('Supermercado', '2017-02-10', '2017-02-10', 100.32, null, 'DESPESA', 2, 2);
INSERT INTO lancamento (descricao, data_vencimento, data_pagamento, valor, observacao, tipo, codigo_categoria, codigo_pessoa) values ('Academia', '2017-06-10', null, 120, null, 'DESPESA', 3, 3);
INSERT INTO lancamento (descricao, data_vencimento, data_pagamento, valor, observacao, tipo, codigo_categoria, codigo_pessoa) values ('Conta de luz', '2017-02-10', '2017-02-10', 110.44, null, 'DESPESA', 3, 4);
INSERT INTO lancamento (descricao, data_vencimento, data_pagamento, valor, observacao, tipo, codigo_categoria, codigo_pessoa) values ('Conta de água', '2017-06-10', null, 200.30, null, 'DESPESA', 3, 5);
INSERT INTO lancamento (descricao, data_vencimento, data_pagamento, valor, observacao, tipo, codigo_categoria, codigo_pessoa) values ('Restaurante', '2017-03-10', '2017-03-10', 1010.32, null, 'DESPESA', 4, 6);
INSERT INTO lancamento (descricao, data_vencimento, data_pagamento, valor, observacao, tipo, codigo_categoria, codigo_pessoa) values ('Venda vídeo game', '2017-06-10', null, 500, null, 'RECEITA', 1, 7);
INSERT INTO lancamento (descricao, data_vencimento, data_pagamento, valor, observacao, tipo, codigo_categoria, codigo_pessoa) values ('Clube', '2017-03-10', '2017-03-10', 400.32, null, 'DESPESA', 4, 8);
INSERT INTO lancamento (descricao, data_vencimento, data_pagamento, valor, observacao, tipo, codigo_categoria, codigo_pessoa) values ('Impostos', '2017-06-10', null, 123.64, 'Multas', 'DESPESA', 3, 9);
INSERT INTO lancamento (descricao, data_vencimento, data_pagamento, valor, observacao, tipo, codigo_categoria, codigo_pessoa) values ('Multa', '2017-04-10', '2017-04-10', 665.33, null, 'DESPESA', 5, 10);
INSERT INTO lancamento (descricao, data_vencimento, data_pagamento, valor, observacao, tipo, codigo_categoria, codigo_pessoa) values ('Padaria', '2017-06-10', null, 8.32, null, 'DESPESA', 1, 5);
INSERT INTO lancamento (descricao, data_vencimento, data_pagamento, valor, observacao, tipo, codigo_categoria, codigo_pessoa) values ('Papelaria', '2017-04-10', '2017-04-10', 2100.32, null, 'DESPESA', 5, 4);
INSERT INTO lancamento (descricao, data_vencimento, data_pagamento, valor, observacao, tipo, codigo_categoria, codigo_pessoa) values ('Almoço', '2017-06-10', null, 1040.32, null, 'DESPESA', 4, 3);
INSERT INTO lancamento (descricao, data_vencimento, data_pagamento, valor, observacao, tipo, codigo_categoria, codigo_pessoa) values ('Café', '2017-04-10', '2017-04-10', 4.32, null, 'DESPESA', 4, 2);
INSERT INTO lancamento (descricao, data_vencimento, data_pagamento, valor, observacao, tipo, codigo_categoria, codigo_pessoa) values ('Lanche', '2017-06-10', null, 10.20, null, 'DESPESA', 4, 1);

INSERT INTO usuario (codigo, nome, email, senha) values (1, 'Administrador', 'admin@algamoney.com', '$2a$10$X607ZPhQ4EgGNaYKt3n4SONjIv9zc.VMWdEuhCuba7oLAL5IvcL5.');
INSERT INTO usuario (codigo, nome, email, senha) values (2, 'Maria Silva', 'maria@algamoney.com', '$2a$10$Zc3w6HyuPOPXamaMhh.PQOXvDnEsadztbfi6/RyZWJDzimE8WQjaq');

INSERT INTO permissao (codigo, descricao) values (1, 'ROLE_CADASTRAR_CATEGORIA');
INSERT INTO permissao (codigo, descricao) values (2, 'ROLE_PESQUISAR_CATEGORIA');

INSERT INTO permissao (codigo, descricao) values (3, 'ROLE_CADASTRAR_PESSOA');
INSERT INTO permissao (codigo, descricao) values (4, 'ROLE_REMOVER_PESSOA');
INSERT INTO permissao (codigo, descricao) values (5, 'ROLE_PESQUISAR_PESSOA');

INSERT INTO permissao (codigo, descricao) values (6, 'ROLE_CADASTRAR_LANCAMENTO');
INSERT INTO permissao (codigo, descricao) values (7, 'ROLE_REMOVER_LANCAMENTO');
INSERT INTO permissao (codigo, descricao) values (8, 'ROLE_PESQUISAR_LANCAMENTO');

-- admin
INSERT INTO usuario_permissao (codigo_usuario, codigo_permissao) values (1, 1);
INSERT INTO usuario_permissao (codigo_usuario, codigo_permissao) values (1, 2);
INSERT INTO usuario_permissao (codigo_usuario, codigo_permissao) values (1, 3);
INSERT INTO usuario_permissao (codigo_usuario, codigo_permissao) values (1, 4);
INSERT INTO usuario_permissao (codigo_usuario, codigo_permissao) values (1, 5);
INSERT INTO usuario_permissao (codigo_usuario, codigo_permissao) values (1, 6);
INSERT INTO usuario_permissao (codigo_usuario, codigo_permissao) values (1, 7);
INSERT INTO usuario_permissao (codigo_usuario, codigo_permissao) values (1, 8);

-- maria
INSERT INTO usuario_permissao (codigo_usuario, codigo_permissao) values (2, 2);
INSERT INTO usuario_permissao (codigo_usuario, codigo_permissao) values (2, 5);
INSERT INTO usuario_permissao (codigo_usuario, codigo_permissao) values (2, 8);